case_name,flex_ddg,flex_ddg_gam
6m0j_E498_W,-0.31932,-0.7983440077063175
6m0j_E453_V,0.34314,0.63946316939548
6m0j_E505_C,2.41269,2.522509409974741
6m0j_E417_N,0.79995,0.8746611012594745
6m0j_E505_I,1.77641,2.3487803878336626
6m0j_E484_E,0.66181,0.7107425076724383
6m0j_E487_R,1.00839,1.1100463005858088
6m0j_E417_D,0.42439,0.4961193216874984
6m0j_E484_Q,0.12512,0.0538087901603017
6m0j_E486_K,3.32982,2.873122628282379
6m0j_E417_P,0.66402,0.7993212567849912
6m0j_E487_F,1.80705,1.7332685112846846
6m0j_E453_H,0.69371,0.812110471911301
6m0j_E498_I,2.47077,1.755734313411873
6m0j_E498_C,2.14116,1.7424440535590653
6m0j_E505_W,-0.70844,-1.103415071897544
6m0j_E486_A,3.93134,3.617938843430907
6m0j_E487_L,0.60085,0.7804406953614811
6m0j_E455_N,2.90804,2.434862895233437
6m0j_E456_Y,2.40626,1.175985713309366
6m0j_E502_V,5.19417,4.274064286930472
6m0j_E449_V,0.0869,0.4822996787348967
6m0j_E500_L,-1.63524,-1.2553597041881672
6m0j_E501_A,0.06229,0.5264449701559233
6m0j_E503_Q,0.18436,0.0039880810035011
6m0j_E475_W,3.77804,2.3029185650605664
6m0j_E500_F,-1.14171,-1.0639845059662127
6m0j_E501_K,1.80733,1.8200992736095056
6m0j_E455_D,2.51894,2.002313395832496
6m0j_E456_S,3.80666,3.30306410072701
6m0j_E503_E,0.69221,0.3343546480484691
6m0j_E476_T,0.55338,0.2973858637334756
6m0j_E449_H,0.15418,0.2022242719416367
6m0j_E502_H,3.9583,2.9911007294284677
6m0j_E475_C,1.30234,1.0376652665673864
6m0j_E500_R,-0.94653,-1.0726507795326885
6m0j_E455_P,3.0298,2.707871364871883
6m0j_E456_G,3.04735,3.02426694777309
6m0j_E456_M,2.93108,2.7875248348434623
6m0j_E475_I,1.34724,1.172207736485741
6m0j_E446_G,-0.71075,-0.3378990072003127
6m0j_E493_D,-0.27962,-0.3405346512531704
6m0j_E493_N,0.62289,0.4636725175190948
6m0j_E446_M,-0.11676,-0.1226647203929451
6m0j_E446_Y,-0.16999,-0.1729689478591656
6m0j_E446_S,-0.02596,-0.1009671054922742
6m0j_E493_P,1.86474,2.1221772616318253
6m0j_E489_D,2.27775,2.197432731932724
6m0j_E496_K,4.26379,2.349872968646993
6m0j_E496_A,2.09789,1.6837840881538026
6m0j_E489_N,2.53676,2.466349999192058
6m0j_E489_P,3.56957,3.529029554542075
6m0j_E496_R,1.93162,0.4900384771628321
6m0j_E489_W,0.23053,0.3252879884812414
6m0j_E489_C,2.36446,2.5634347497962016
6m0j_E496_L,1.56704,0.9902726584645531
6m0j_E496_F,1.64165,0.8784251827396758
6m0j_E489_I,1.16397,1.6110770986829042
6m0j_E446_T,-0.1431,-0.0744662022167563
6m0j_E493_W,0.74957,0.5215170064610115
6m0j_E493_C,0.6049,0.9385620752607946
6m0j_E493_I,0.47436,0.8763337948803871
6m0j_E476_S,0.5733,0.1379593113298469
6m0j_E475_D,2.9852,1.559242620914317
6m0j_E455_W,3.56058,2.3857174737336706
6m0j_E502_E,3.63989,2.628990403300536
6m0j_E449_E,0.72632,0.8740072328810118
6m0j_E503_H,0.56979,0.2693352372489379
6m0j_E476_Y,0.20203,-0.183169862627039
6m0j_E475_N,1.21785,0.3234211138540184
6m0j_E501_R,2.73515,2.400182213132782
6m0j_E455_I,2.67533,2.463923725675845
6m0j_E476_M,0.39778,0.2636778511266882
6m0j_E449_Q,-0.32424,-0.0119871034286513
6m0j_E502_Q,2.5066,2.1383403431052503
6m0j_E501_F,-0.55684,-0.3373406705572801
6m0j_E500_K,-0.68059,-0.9182116007347384
6m0j_E476_G,0.35597,0.2828059839913619
6m0j_E503_V,0.70446,0.4514066009363804
6m0j_E501_L,0.03669,0.2488981085395747
6m0j_E500_A,-0.86498,-0.3274664063125276
6m0j_E475_P,0.59584,0.7509544307125098
6m0j_E455_C,2.33302,1.9908217101225092
6m0j_E456_T,2.22448,2.107737423942536
6m0j_E484_V,-0.14568,-0.0873564037909959
6m0j_E487_A,1.99219,2.0345867889345595
6m0j_E486_L,1.96474,1.988043737771791
6m0j_E417_W,0.40244,0.1212706943008319
6m0j_E498_N,2.00833,1.2149116876998185
6m0j_E498_D,1.28395,0.6913158728869989
6m0j_E453_E,0.52548,0.848957461829333
6m0j_E505_P,2.71349,3.089999820292332
6m0j_E487_K,1.6071,1.4746506551092888
6m0j_E486_F,0.94857,0.9496068936516542
6m0j_E453_Q,0.61783,0.6696441281260301
6m0j_E498_P,2.57891,2.089835602849911
6m0j_E505_D,2.59403,2.387296207419102
6m0j_E484_H,0.11185,0.1246678288160954
6m0j_E486_R,4.17184,3.7259008031373
6m0j_E417_I,0.42298,0.5238677989287068
6m0j_E505_N,2.34664,2.378953950176036
6m0j_E417_C,0.31315,0.4145306252582228
6m0j_E417_Y,0.09939,-0.0159119608809188
6m0j_E505_T,3.44378,3.0052596715230937
6m0j_E453_A,0.61246,0.8361763767729085
6m0j_E453_K,0.56765,0.5995137632444829
6m0j_E486_H,2.4119,1.8904756341986972
6m0j_E417_S,0.61654,0.7320328449905926
6m0j_E487_E,1.87982,1.310569649846263
6m0j_E484_R,0.42221,0.3542479073116897
6m0j_E487_Q,1.47387,1.0412145226076943
6m0j_E417_G,0.46341,0.5890880290967124
6m0j_E484_F,-0.23789,-0.2472882208869855
6m0j_E486_V,2.47073,2.587493198352698
6m0j_E417_M,0.35589,0.3965435297318189
6m0j_E484_L,0.10698,0.0323059684591562
6m0j_E498_T,2.15359,1.8949741462044964
6m0j_E501_V,-0.89226,-0.4751487025052774
6m0j_E503_L,0.37199,0.25113541319226
6m0j_E502_A,3.48742,3.1953808081454738
6m0j_E449_A,0.09195,0.3590442715258832
6m0j_E456_N,3.22219,2.90568943004756
6m0j_E455_Y,4.06496,3.1938154047278786
6m0j_E456_D,3.50525,3.245971927821465
6m0j_E455_S,3.73364,3.1507227280894528
6m0j_E500_Q,-1.71784,-1.7123630924698174
6m0j_E476_W,0.10245,-0.3943315822542526
6m0j_E503_F,0.34612,0.1420169909605297
6m0j_E502_K,4.69081,2.8031242238519205
6m0j_E449_K,0.22778,0.3485446751522285
6m0j_E456_P,3.12067,2.71321454231264
6m0j_E455_G,2.74571,2.6694953205292284
6m0j_E500_E,-1.45222,-1.6770633554910856
6m0j_E475_T,1.14613,1.0315406456539455
6m0j_E501_H,1.00211,0.5095358177120373
6m0j_E476_C,0.54753,0.3518019208102383
6m0j_E503_R,1.11886,0.6553655972856465
6m0j_E476_I,0.88281,0.4731805589911653
6m0j_E455_M,2.14947,1.6298426351688682
6m0j_E493_S,0.49849,0.926788684485388
6m0j_E446_P,-0.86517,-0.6151496161918271
6m0j_E493_Y,0.11452,-0.2210984583927433
6m0j_E446_N,0.09118,0.0467998786496368
6m0j_E493_M,-0.63882,-0.4535597878310797
6m0j_E493_G,1.09992,1.486486473709374
6m0j_E446_D,-0.29203,-0.306663912633389
6m0j_E489_S,2.17604,2.4921177550846414
6m0j_E489_Y,0.84174,0.7515370199133158
6m0j_E496_V,3.4062,2.401736962647374
6m0j_E489_M,1.44385,2.087270467657554
6m0j_E496_H,1.63436,0.4821466561463818
6m0j_E489_G,2.97006,3.091185680806275
6m0j_E496_E,2.01802,0.9158014250347088
6m0j_E489_T,1.59919,1.9140632760560756
6m0j_E496_Q,0.55916,0.0369481809937495
6m0j_E446_I,0.12282,0.1348820078358101
6m0j_E446_C,-0.49515,-0.2476210463558132
6m0j_E493_T,1.16666,1.4346635645844514
6m0j_E446_W,-1.10775,-0.8861515188770144
6m0j_E456_W,1.37618,0.8724140920534991
6m0j_E475_S,0.46685,0.3354122247702689
6m0j_E476_D,0.49463,0.0813144478558849
6m0j_E501_E,0.08818,0.1150183327735965
6m0j_E500_H,-1.97183,-1.471581045545873
6m0j_E475_Y,3.34441,2.5312239931213
6m0j_E476_N,0.65257,0.3254001610954367
6m0j_E502_R,3.30764,2.076458013439403
6m0j_E449_R,0.70662,0.6654379333183416
6m0j_E475_M,1.70399,1.4891362144595075
6m0j_E501_Q,0.62745,0.22336060262399
6m0j_E449_F,0.6663,0.7037685733431469
6m0j_E502_F,4.25703,2.957028349161476
6m0j_E503_K,1.3029,0.90930337379206
6m0j_E456_I,3.41292,3.057922554389692
6m0j_E456_C,3.07682,2.741908759504301
6m0j_E455_T,2.68525,2.540990284207433
6m0j_E475_G,0.70996,0.5457294497251086
6m0j_E500_V,0.79474,1.1542749072101417
6m0j_E449_L,0.48797,0.6832035987451825
6m0j_E502_L,4.12579,4.000832833053649
6m0j_E503_A,0.65251,0.4717867298694225
6m0j_E476_P,0.54132,0.331661802679837
6m0j_E498_Y,0.81966,0.0733163009132635
6m0j_E487_V,0.72479,0.8957693987720341
6m0j_E505_M,1.29734,1.5836562747846514
6m0j_E484_A,0.85279,0.8157234279818804
6m0j_E486_Q,2.99074,2.3087178311779546
6m0j_E484_K,-0.13428,-0.1070191917659351
6m0j_E505_G,3.69595,3.5602132936598503
6m0j_E453_R,0.242,0.3159007119367558
6m0j_E498_S,2.35986,1.8708742929279487
6m0j_E487_H,1.3482,1.2087136911695593
6m0j_E486_E,3.10522,2.5821516808853966
6m0j_E505_S,3.43857,3.405697136659186
6m0j_E498_G,3.32203,2.956556346266345
6m0j_E453_F,-0.10416,0.0773881984539104
6m0j_E498_M,1.11786,0.8977558637169426
6m0j_E453_L,0.48689,0.856234832083018
6m0j_E417_T,1.00734,0.9573164893002116
6m0j_E505_Y,-0.17797,-0.2785595247268637
6m0j_E449_D,0.23017,0.5382923718223069
6m0j_E502_D,3.98642,3.02715695123021
6m0j_E503_I,0.15487,0.2115816584659113
6m0j_E501_S,-0.49927,-0.0326927400704843
6m0j_E456_K,2.66618,1.969446401816125
6m0j_E455_V,2.87486,2.3877409486856203
6m0j_E456_A,2.83195,2.56649989683752
6m0j_E449_N,0.61637,0.8032010523417508
6m0j_E502_N,3.34748,2.967908445586538
6m0j_E503_C,0.70237,0.4238181513645787
6m0j_E476_R,0.50858,0.0857906553494145
6m0j_E475_E,2.08466,1.2549191454555242
6m0j_E500_T,-0.27931,-0.2718045272135221
6m0j_E501_Y,0.0053,0.5221884149309406
6m0j_E503_W,0.58037,0.4649667481575512
6m0j_E476_F,0.78511,0.3616577028783583
6m0j_E501_M,-0.25216,0.1017161868215379
6m0j_E475_Q,2.41893,1.7990114346012298
6m0j_E476_L,1.29695,1.0345231701676856
6m0j_E502_P,13.63245,7.749122181935537
6m0j_E449_P,0.08906,0.4134809989605095
6m0j_E501_G,0.16351,0.9026461955260427
6m0j_E455_H,2.42011,1.5246344115876096
6m0j_E505_Q,0.97203,1.050434189573739
6m0j_E486_G,3.33793,3.1412247110303757
6m0j_E498_E,0.56047,0.2810978099003509
6m0j_E453_D,0.25146,0.6213882391773689
6m0j_E453_N,-0.19222,0.1993032353269044
6m0j_E484_W,-0.48572,-0.5541222936665453
6m0j_E486_M,2.19705,1.9055886877183488
6m0j_E417_V,0.54656,0.6655663485806349
6m0j_E484_C,-0.10333,-0.0599812903736307
6m0j_E486_Y,0.76315,0.3082839804045356
6m0j_E487_T,1.09124,1.5319491575624482
6m0j_E484_I,0.00587,-0.0365310251682617
6m0j_E505_E,2.85097,2.6461834537897677
6m0j_E486_S,3.70867,3.334525446639297
6m0j_E417_H,0.20104,0.2339688520739367
6m0j_E453_P,0.38984,0.7750199803101616
6m0j_E498_Q,1.91687,1.368642151652427
6m0j_E496_Y,2.21182,1.2514467350131069
6m0j_E489_V,2.45424,2.779800664983835
6m0j_E496_S,1.03031,0.4538607142531596
6m0j_E489_H,1.2081,1.325873206210068
6m0j_E496_G,-0.90428,-0.9070178790015222
6m0j_E496_M,2.47148,1.569314236208016
6m0j_E493_V,0.60245,0.9699425185338526
6m0j_E446_K,0.06263,-0.0203995643126269
6m0j_E493_H,-0.20033,-0.3194314564193121
6m0j_E446_A,-0.83102,-0.6632220079218216
6m0j_E446_L,-0.31583,-0.3938906849620149
6m0j_E493_E,-1.50787,-1.17758043550617
6m0j_E446_F,-0.24272,-0.2383734249932081
6m0j_E493_Q,0.55809,0.6434277605476468
6m0j_E446_R,-0.74545,-0.4905331547865579
6m0j_E489_E,2.59843,2.6531736269391164
6m0j_E489_Q,2.09983,2.168525278121374
6m0j_E496_T,4.50538,3.343429584034382
6m0j_E484_D,0.61303,0.6464661771607916
6m0j_E505_H,1.60815,1.4936133933584037
6m0j_E487_S,1.90102,1.9896801643756157
6m0j_E417_E,0.56999,0.4132235632934362
6m0j_E484_N,-0.07445,-0.0436895656597282
6m0j_E487_Y,1.75018,1.459271967109975
6m0j_E486_T,3.7379,3.397666715377168
6m0j_E498_V,1.66676,1.3333515932562432
6m0j_E453_W,0.68695,0.7589059087220207
6m0j_E505_V,2.74586,3.090193733400983
6m0j_E487_M,1.56416,1.5870085983582098
6m0j_E453_C,0.20528,0.5731460438454372
6m0j_E453_I,0.76478,1.0024407180997854
6m0j_E498_H,1.1906,0.5500498069605918
6m0j_E484_P,0.12661,0.1433302439576878
6m0j_E417_Q,-0.18819,-0.053840263355253
6m0j_E487_G,2.4283,2.5020934973487448
6m0j_E455_E,2.58349,1.3050198327253382
6m0j_E456_R,2.87927,2.194882813785676
6m0j_E476_A,0.30368,0.1457577153216132
6m0j_E503_P,1.45503,1.13287684682976
6m0j_E500_G,-0.60577,0.1803174672538476
6m0j_E475_V,0.82573,0.9919086747046232
6m0j_E449_W,-0.26521,-0.1069695801675967
6m0j_E502_W,3.10788,2.477322200743643
6m0j_E476_K,0.76004,0.2537406738318337
6m0j_E500_M,-1.1163,-1.134605452958838
6m0j_E503_N,0.81987,0.6424039378957267
6m0j_E502_C,3.97253,3.30731095867648
6m0j_E449_C,0.93735,1.1261221282143905
6m0j_E501_T,-0.38482,0.1353661072760505
6m0j_E475_H,1.59329,0.9636088437093896
6m0j_E500_Y,-1.47125,-1.1901862544025157
6m0j_E456_L,2.64134,2.4228726542893595
6m0j_E455_Q,2.24223,1.5687996576014231
6m0j_E456_F,0.71008,0.279762805422284
6m0j_E503_D,-0.38881,-0.3769190514432741
6m0j_E502_I,4.50314,3.212659682199617
6m0j_E449_I,0.50324,0.6799428344772145
6m0j_E500_S,-1.47788,-0.7619296451050566
6m0j_E455_K,4.85582,3.4371928401638496
6m0j_E501_D,0.27709,-0.1203638901660881
6m0j_E500_I,0.8975,0.9098873771758756
6m0j_E449_S,0.03902,0.2228998066675858
6m0j_E502_S,5.27595,4.438367392842903
6m0j_E501_N,-0.41409,-0.6098468524053597
6m0j_E500_C,-0.86711,-0.5618648009259086
6m0j_E475_R,1.95163,0.6920144650745259
6m0j_E476_E,-0.54439,-0.8991457127853963
6m0j_E503_T,0.4452,0.257704580980755
6m0j_E449_Y,0.0396,0.0374312156635363
6m0j_E502_Y,2.39496,1.8858724268481053
6m0j_E456_V,2.82174,2.599680679244946
6m0j_E455_A,3.05234,2.7316290554540195
6m0j_E500_W,-1.23288,-1.2673048644480165
6m0j_E475_F,4.02585,2.593625244445908
6m0j_E502_M,3.86962,3.0464601384545533
6m0j_E449_M,0.61648,0.7781358419321397
6m0j_E476_Q,0.6614,0.3913786660491971
6m0j_E456_H,2.35183,1.9114448945753837
6m0j_E475_L,2.83997,2.3992911955056293
6m0j_E501_P,0.01472,0.6360906843788285
6m0j_E502_G,0.25801,0.1942571775689525
6m0j_E449_G,-0.10639,0.2084742178493159
6m0j_E453_S,0.26841,0.5172042674198005
6m0j_E498_R,2.99441,1.649936896731988
6m0j_E486_P,3.24725,3.1732022228769634
6m0j_E417_K,0.06545,0.0420280604372869
6m0j_E505_F,-0.32451,-0.2315979950844187
6m0j_E417_A,0.47121,0.5805841552630906
6m0j_E487_W,2.12437,1.456720546938013
6m0j_E505_L,2.68296,2.8263232793243622
6m0j_E453_Y,-0.02996,0.0390885839622547
6m0j_E487_C,1.22865,1.2442239027320747
6m0j_E486_N,3.57053,3.2052824944253238
6m0j_E484_T,-0.57358,-0.4855770434425179
6m0j_E498_L,1.74562,1.5928145900852084
6m0j_E453_M,0.40159,0.6211356589091637
6m0j_E498_F,0.97102,0.7017888992242984
6m0j_E453_G,0.79688,1.1027793432926516
6m0j_E487_I,1.63562,1.721430318827137
6m0j_E486_D,3.57625,3.026201466025237
6m0j_E505_R,1.75691,1.706221491588651
6m0j_E489_A,2.4463,2.656255270620308
6m0j_E496_N,1.82029,1.0577397032218645
6m0j_E496_D,1.58434,0.7371535234099418
6m0j_E489_K,3.28152,3.190767100948249
6m0j_E496_P,3.76421,3.154257641042878
6m0j_E493_A,1.05911,1.349868826184095
6m0j_E493_K,1.65764,1.0952723344037447
6m0j_E446_H,-0.10667,-0.0853310241411613
6m0j_E446_V,-0.60149,-0.2573427086159452
6m0j_E446_Q,0.42652,0.1860047433152813
6m0j_E493_R,0.68807,-0.0117912215263729
6m0j_E446_E,0.14027,0.0408771347896201
6m0j_E493_F,1.69235,1.5287055346299256
6m0j_E493_L,0.9668,1.1323980826760704
6m0j_E496_W,2.33381,1.2437496034274051
6m0j_E489_R,3.50898,3.001307242555236
6m0j_E489_F,0.54508,1.0169149196536935
6m0j_E496_I,3.40498,2.570766327472107
6m0j_E496_C,1.58399,1.286213036410853
6m0j_E489_L,1.0477,1.6619057491781866
6m0j_E486_I,3.1625,2.988665741181713
6m0j_E417_R,0.11126,-0.0007724151607113
6m0j_E487_D,0.83637,0.6167648798804362
6m0j_E484_S,0.15394,0.2044689549214906
6m0j_E498_K,3.69398,2.425031300308296
6m0j_E498_A,2.36351,2.0388838396031104
6m0j_E486_C,3.9767,3.617314864368544
6m0j_E487_N,0.27986,0.2475400146736468
6m0j_E484_Y,0.01623,-0.0364353480582531
6m0j_E453_T,0.02494,0.3419802329056429
6m0j_E486_W,0.73252,0.2860145204389375
6m0j_E417_L,0.41268,0.5525632284141724
6m0j_E484_M,-0.139,-0.0857313686476644
6m0j_E505_A,3.38,3.4475789371079184
6m0j_E487_P,2.71816,2.7831803181621275
6m0j_E417_F,0.13981,0.0435818058032511
6m0j_E505_K,3.00051,2.704073395438567
6m0j_E484_G,0.68409,0.7198635642343165
6m0j_E475_A,0.53886,0.4211127014451594
6m0j_E500_P,-1.36488,-0.6035765622600262
6m0j_E503_G,0.40365,0.3373476383978864
6m0j_E476_V,0.46134,0.2320615917753692
6m0j_E456_E,4.23377,3.5337699207563684
6m0j_E455_R,3.52081,2.0323826871674626
6m0j_E501_W,2.54748,2.087020556129306
6m0j_E475_K,4.77436,3.0258334407112715
6m0j_E503_M,1.07219,0.7134875576948487
6m0j_E455_L,1.31791,0.960583596146232
6m0j_E500_N,-0.12908,-0.306784402583603
6m0j_E501_C,0.33081,0.5769958745634933
6m0j_E502_T,5.87386,5.127931269825863
6m0j_E449_T,0.06647,0.4216571346778213
6m0j_E476_H,0.57219,0.0914202200910525
6m0j_E503_Y,0.34631,0.1966801293551934
6m0j_E500_D,-0.21469,-0.4286592248678329
6m0j_E501_I,1.00266,1.807536955632962
6m0j_E503_S,0.52293,0.3113587361735055
6m0j_E456_Q,2.56771,2.053955519843905
6m0j_E455_F,2.62495,2.264065448289225
