PDB_ID,RMSD_AF2,pTM_AF2,ipTM_AF2,RMSD_AF3,pTM_AF3,ipTM_AF3,Number of chains
1AO7,1.81,0.88,0.87,0.63,0.92,0.92,5
1CHO,0.37,0.95,0.94,0.25,0.95,0.95,4
1IAR,1.16,0.89,0.89,1.07,0.88,0.88,2
1JTG,0.64,0.94,0.92,0.38,0.95,0.95,2
1KNE,0.56,0.68,0.65,0.37,0.70,0.66,2
1KTZ,0.48,0.75,0.79,0.46,0.78,0.80,2
1MHP,1.46,0.69,0.59,2.48,0.80,0.79,3
1OGA,3.22,0.78,0.76,0.98,0.88,0.87,5
1PPF,0.38,0.94,0.92,0.27,0.94,0.93,2
1R0R,0.31,0.96,0.93,0.19,0.96,0.93,2
1VFB,1.81,0.69,0.56,3.26,0.66,0.53,3
2FTL,0.38,0.95,0.94,0.25,0.95,0.94,2
2J0T,0.60,0.91,0.89,0.42,0.86,0.82,2
2JEL,0.87,0.78,0.72,1.12,0.75,0.71,3
3BN9,4.69,0.67,0.58,6.82,0.66,0.61,3
3HFM,1.24,0.89,0.88,0.81,0.88,0.87,3
3MZG,0.71,0.90,0.88,0.42,0.90,0.90,2
3SGB,0.41,0.94,0.92,0.22,0.95,0.92,2
3SZK,15.78,0.88,0.84,0.72,0.91,0.89,3
5E9D,2.36,0.87,0.85,1.76,0.89,0.87,5